Date,AAPL,SP500,NASDAQ
1990-01-01,0.242512360215187,329.0799865722656,415.7999877929688
1990-02-01,0.242512360215187,331.8900146484375,425.7999877929688
1990-03-01,0.2880172431468963,339.94000244140625,435.5
1990-04-01,0.2817564308643341,330.79998779296875,420.1000061035156
1990-05-01,0.295173317193985,361.2300109863281,459.0
1990-06-01,0.3211067020893097,358.0199890136719,462.2999877929688
1990-07-01,0.3013734817504883,356.1499938964844,438.2000122070313
1990-08-01,0.2654955387115478,322.5599975585937,381.2000122070313
1990-09-01,0.2087205201387405,306.04998779296875,344.5
1990-10-01,0.221315786242485,304.0,329.79998779296875
1990-11-01,0.2644988894462585,322.2200012207031,359.1000061035156
1990-12-01,0.3105164766311645,330.2200012207031,373.7999877929688
1991-01-01,0.400782823562622,343.92999267578125,414.2000122070313
1991-02-01,0.4134202301502228,367.0700073242188,453.1000061035156
1991-03-01,0.4920822381973266,375.2200012207031,482.2999877929688
1991-04-01,0.3980075120925903,375.3399963378906,484.7200012207031
1991-05-01,0.3401158154010772,389.8299865722656,506.1099853515625
1991-06-01,0.3010835945606231,371.1600036621094,475.9200134277344
1991-07-01,0.3355443179607391,387.80999755859375,502.0400085449219
1991-08-01,0.3845158815383911,395.4299926757813,525.6799926757812
1991-09-01,0.3599340617656708,387.8599853515625,526.8800048828125
1991-10-01,0.3744767606258392,392.4500122070313,542.97998046875
1991-11-01,0.3690235614776611,375.2200012207031,523.9000244140625
1991-12-01,0.4109107553958893,417.0899963378906,586.3400268554688
1992-01-01,0.4719553291797638,408.7799987792969,620.2100219726562
1992-02-01,0.4919999539852142,412.7000122070313,633.469970703125
1992-03-01,0.4253714978694916,403.6900024414063,603.77001953125
1992-04-01,0.4390637576580047,414.9500122070313,578.6799926757812
1992-05-01,0.4363253116607666,415.3500061035156,585.3099975585938
1992-06-01,0.3505205810070038,408.1400146484375,563.5999755859375
1992-07-01,0.3420798480510711,424.2099914550781,580.8300170898438
1992-08-01,0.3365913033485412,414.0299987792969,563.1199951171875
1992-09-01,0.3310767114162445,417.7999877929688,583.27001953125
1992-10-01,0.3851859271526336,418.6799926757813,605.1699829101562
1992-11-01,0.4218705296516418,431.3500061035156,652.72998046875
1992-12-01,0.4393108487129211,435.7099914550781,676.9500122070312
1993-01-01,0.4374729692935943,438.7799987792969,696.3400268554688
1993-02-01,0.3896815180778503,443.3800048828125,670.77001953125
1993-03-01,0.3794784247875213,451.6700134277344,690.1300048828125
1993-04-01,0.3776364326477051,440.1900024414063,661.4199829101562
1993-05-01,0.4172421991825104,450.1900024414063,700.530029296875
1993-06-01,0.2916652858257293,450.5299987792969,703.9500122070312
1993-07-01,0.2049039751291275,448.1300048828125,704.7000122070312
1993-08-01,0.1956738084554672,463.55999755859375,742.8400268554688
1993-09-01,0.1733584851026535,458.9299926757813,762.780029296875
1993-10-01,0.2280552387237548,467.8299865722656,779.260009765625
1993-11-01,0.2336171418428421,461.7900085449219,754.3900146484375
1993-12-01,0.2177100628614425,466.4500122070313,776.7999877929688
1994-01-01,0.2437607198953628,481.6099853515625,800.469970703125
1994-02-01,0.2716722190380096,467.1400146484375,792.5
1994-03-01,0.2483714669942855,445.7699890136719,743.4600219726562
1994-04-01,0.2240943610668182,450.9100036621094,733.8400268554688
1994-05-01,0.2184924185276031,456.5,735.1900024414062
1994-06-01,0.1987316161394119,444.2699890136719,705.9600219726562
1994-07-01,0.2526327669620514,458.260009765625,722.1599731445312
1994-08-01,0.2713815569877624,475.489990234375,765.6199951171875
1994-09-01,0.253507912158966,462.7099914550781,764.2899780273438
1994-10-01,0.324998676776886,472.3500061035156,777.489990234375
1994-11-01,0.2803166806697845,453.6900024414063,750.3200073242188
1994-12-01,0.2943686842918396,459.2699890136719,751.9600219726562
1995-01-01,0.3047473132610321,470.4200134277344,755.2000122070312
1995-02-01,0.2981433272361755,487.3900146484375,793.72998046875
1995-03-01,0.2667955756187439,500.7099914550781,817.2100219726562
1995-04-01,0.2895018756389618,514.7100219726562,843.97998046875
1995-05-01,0.3145731687545776,533.4000244140625,864.5800170898438
1995-06-01,0.3524453043937683,544.75,933.4500122070312
1995-07-01,0.3415350615978241,562.0599975585938,1001.2100219726562
1995-08-01,0.3263558745384216,561.8800048828125,1020.1099853515624
1995-09-01,0.283486396074295,584.4099731445312,1043.5400390625
1995-10-01,0.2763520777225494,581.5,1036.06005859375
1995-11-01,0.2901458144187927,605.3699951171875,1059.199951171875
1995-12-01,0.2433363199234008,615.9299926757812,1052.1300048828125
1996-01-01,0.2108918875455856,636.02001953125,1059.7900390625
1996-02-01,0.2099376916885376,640.4299926757812,1100.050048828125
1996-03-01,0.1875123232603073,645.5,1101.4000244140625
1996-04-01,0.1860809624195099,654.1699829101562,1190.52001953125
1996-05-01,0.1994406133890152,669.1199951171875,1243.4300537109375
1996-06-01,0.1603158563375473,670.6300048828125,1185.02001953125
1996-07-01,0.1679503321647644,639.9500122070312,1080.5899658203125
1996-08-01,0.1851267516613006,651.989990234375,1141.5
1996-09-01,0.1693816184997558,687.3300170898438,1226.9200439453125
1996-10-01,0.1755838990211486,705.27001953125,1221.510009765625
1996-11-01,0.184172585606575,757.02001953125,1292.6099853515625
1996-12-01,0.159361645579338,740.739990234375,1291.030029296875
1997-01-01,0.1269171684980392,786.1599731445312,1379.8499755859375
1997-02-01,0.1240537017583847,790.8200073242188,1309.0
1997-03-01,0.139321744441986,757.1199951171875,1221.699951171875
1997-04-01,0.1297797560691833,801.3400268554688,1260.760009765625
1997-05-01,0.1269171684980392,848.280029296875,1400.3199462890625
1997-06-01,0.1087856441736221,885.1400146484375,1442.0699462890625
1997-07-01,0.1335965245962143,954.3099975585938,1593.81005859375
1997-08-01,0.1660410314798355,899.469970703125,1587.3199462890625
1997-09-01,0.1655639857053756,947.280029296875,1685.68994140625
1997-10-01,0.1300182938575744,914.6199951171876,1593.6099853515625
1997-11-01,0.1355049461126327,955.4000244140624,1600.550048828125
1997-12-01,0.1001978293061256,970.4299926757812,1570.3499755859375
1998-01-01,0.1397988647222519,980.280029296875,1619.3599853515625
1998-02-01,0.1803557574748993,1049.3399658203125,1770.510009765625
1998-03-01,0.2099376916885376,1101.75,1835.6800537109373
1998-04-01,0.2089835405349731,1111.75,1868.4100341796875
1998-05-01,0.2032574564218521,1090.8199462890625,1778.8699951171875
1998-06-01,0.2190026193857193,1133.8399658203125,1894.739990234375
1998-07-01,0.2643305957317352,1120.6700439453125,1872.3900146484373
1998-08-01,0.2380882650613784,957.280029296875,1499.25
1998-09-01,0.2910497486591339,1017.010009765625,1693.8399658203125
1998-10-01,0.2834153473377228,1098.6700439453125,1771.3900146484375
1998-11-01,0.2438134402036667,1163.6300048828125,1949.5400390625
1998-12-01,0.3125200569629669,1229.22998046875,2192.68994140625
1999-01-01,0.3144294023513794,1279.6400146484375,2505.889892578125
1999-02-01,0.2657618522644043,1238.3299560546875,2288.030029296875
1999-03-01,0.274350494146347,1286.3699951171875,2461.39990234375
1999-04-01,0.3511677980422973,1335.1800537109375,2542.860107421875
1999-05-01,0.3363769054412842,1301.8399658203125,2470.52001953125
1999-06-01,0.3535533249378204,1372.7099609375,2686.1201171875
1999-07-01,0.4251234233379364,1328.719970703125,2638.489990234375
1999-08-01,0.4981240034103393,1320.4100341796875,2739.35009765625
1999-09-01,0.4833331704139709,1282.7099609375,2746.159912109375
1999-10-01,0.6116815209388733,1362.9300537109375,2966.429931640625
1999-11-01,0.747186541557312,1388.9100341796875,3336.159912109375
1999-12-01,0.7848799824714661,1469.25,4069.31005859375
2000-01-01,0.7920366525650024,1394.4599609375,3940.35009765625
2000-02-01,0.8750578165054321,1366.4200439453125,4696.68994140625
2000-03-01,1.0368047952651978,1498.5799560546875,4572.830078125
2000-04-01,0.947104275226593,1452.4300537109375,3860.659912109375
2000-05-01,0.6412634253501892,1420.5999755859375,3400.909912109375
2000-06-01,0.7996708750724792,1454.5999755859375,3966.110107421875
2000-07-01,0.7758141756057739,1430.8299560546875,3766.989990234375
2000-08-01,0.9304049015045166,1517.6800537109375,4206.35009765625
2000-09-01,0.3931553065776825,1436.510009765625,3672.820068359375
2000-10-01,0.2986833751201629,1429.4000244140625,3369.6298828125
2000-11-01,0.2519250810146332,1314.949951171875,2597.929931640625
2000-12-01,0.227114200592041,1320.280029296875,2470.52001953125
2001-01-01,0.3301745951175689,1366.010009765625,2772.72998046875
2001-02-01,0.2786443829536438,1239.93994140625,2151.830078125
2001-03-01,0.3369686007499695,1160.3299560546875,1840.260009765625
2001-04-01,0.3891862332820892,1249.4599609375,2116.239990234375
2001-05-01,0.3046000301837921,1255.8199462890625,2110.489990234375
2001-06-01,0.3549854755401611,1224.3800048828125,2160.5400390625
2001-07-01,0.286889374256134,1211.22998046875,2027.1300048828125
2001-08-01,0.2832247018814087,1133.5799560546875,1805.4300537109373
2001-09-01,0.2368091791868209,1040.93994140625,1498.800048828125
2001-10-01,0.2681088745594024,1059.780029296875,1690.199951171875
2001-11-01,0.3252120614051819,1139.449951171875,1930.5799560546875
2001-12-01,0.3343726694583893,1148.0799560546875,1950.4000244140625
2002-01-01,0.3774296343326568,1130.199951171875,1934.030029296875
2002-02-01,0.3313194811344147,1106.72998046875,1731.489990234375
2002-03-01,0.3613981306552887,1147.3900146484375,1845.3499755859373
2002-04-01,0.3705587685108185,1076.9200439453125,1688.22998046875
2002-05-01,0.355748176574707,1067.1400146484375,1615.72998046875
2002-06-01,0.2705524265766144,989.8200073242188,1463.2099609375
2002-07-01,0.2329923957586288,911.6199951171876,1328.260009765625
2002-08-01,0.2252057343721389,916.0700073242188,1314.8499755859375
2002-09-01,0.2213889956474304,815.280029296875,1172.06005859375
2002-10-01,0.2453593313694,885.760009765625,1329.75
2002-11-01,0.2366570830345153,936.3099975585938,1478.780029296875
2002-12-01,0.2187930941581726,879.8200073242188,1335.510009765625
2003-01-01,0.2192513942718505,855.7000122070312,1320.9100341796875
2003-02-01,0.2291755378246307,841.1500244140625,1337.52001953125
2003-03-01,0.2158920168876648,848.1799926757812,1341.1700439453125
2003-04-01,0.2171138375997543,916.9199829101562,1464.31005859375
2003-05-01,0.2740640342235565,963.5900268554688,1595.9100341796875
2003-06-01,0.2910114228725433,974.5,1622.800048828125
2003-07-01,0.3218535184860229,990.3099975585938,1735.02001953125
2003-08-01,0.3452134728431701,1008.010009765625,1810.449951171875
2003-09-01,0.3163566291332245,995.969970703125,1786.93994140625
2003-10-01,0.3494885563850403,1050.7099609375,1932.2099609375
2003-11-01,0.3192576766014099,1058.199951171875,1960.260009765625
2003-12-01,0.3262807726860046,1111.9200439453125,2003.3699951171875
2004-01-01,0.3444499373435974,1131.1300048828125,2066.14990234375
2004-02-01,0.3652148842811584,1144.93994140625,2029.8199462890625
2004-03-01,0.4128514230251312,1126.2099609375,1994.219970703125
2004-04-01,0.3936134278774261,1107.300048828125,1920.1500244140625
2004-05-01,0.4284247159957886,1120.6800537109375,1986.739990234375
2004-06-01,0.4968261420726776,1140.8399658203125,2047.7900390625
2004-07-01,0.4937727451324463,1101.719970703125,1887.3599853515625
2004-08-01,0.5265995860099792,1104.239990234375,1838.0999755859373
2004-09-01,0.5916416049003601,1114.5799560546875,1896.8399658203125
2004-10-01,0.800052285194397,1130.199951171875,1974.989990234375
2004-11-01,1.0237311124801636,1173.8199462890625,2096.81005859375
2004-12-01,0.983270823955536,1211.9200439453125,2175.43994140625
2005-01-01,1.1741228103637695,1181.27001953125,2062.409912109375
2005-02-01,1.3698610067367554,1203.5999755859375,2051.719970703125
2005-03-01,1.272449970245361,1180.5899658203125,1999.22998046875
2005-04-01,1.101140379905701,1156.8499755859375,1921.6500244140625
2005-05-01,1.2141252756118774,1191.5,2068.219970703125
2005-06-01,1.124043345451355,1191.3299560546875,2056.9599609375
2005-07-01,1.3023751974105835,1234.1800537109375,2184.830078125
2005-08-01,1.431849479675293,1220.3299560546875,2152.090087890625
2005-09-01,1.6370543241500854,1228.81005859375,2151.68994140625
2005-10-01,1.758588790893555,1207.010009765625,2120.300048828125
2005-11-01,2.0709757804870605,1249.47998046875,2232.820068359375
2005-12-01,2.1952593326568604,1248.2900390625,2205.320068359375
2006-01-01,2.305800437927246,1280.0799560546875,2305.820068359375
2006-02-01,2.0914342403411865,1280.6600341796875,2281.389892578125
2006-03-01,1.9152405261993408,1294.8699951171875,2339.7900390625
2006-04-01,2.149454355239868,1310.6099853515625,2322.570068359375
2006-05-01,1.8251585960388184,1270.0899658203125,2178.8798828125
2006-06-01,1.7488168478012085,1270.199951171875,2172.090087890625
2006-07-01,2.075251340866089,1276.6600341796875,2091.469970703125
2006-08-01,2.0718915462493896,1303.8199462890625,2183.75
2006-09-01,2.350689172744751,1335.8499755859375,2258.429931640625
2006-10-01,2.475886821746826,1377.93994140625,2366.7099609375
2006-11-01,2.798962354660034,1400.6300048828125,2431.77001953125
2006-12-01,2.5907039642333984,1418.300048828125,2415.2900390625
2007-01-01,2.617882013320923,1438.239990234375,2463.929931640625
2007-02-01,2.583681344985962,1406.8199462890625,2416.14990234375
2007-03-01,2.83713173866272,1420.8599853515625,2421.639892578125
2007-04-01,3.0475287437438965,1482.3699951171875,2525.090087890625
2007-05-01,3.700700044631958,1530.6199951171875,2604.52001953125
2007-06-01,3.726655244827272,1503.3499755859375,2603.22998046875
2007-07-01,4.023471355438232,1455.27001953125,2546.27001953125
2007-08-01,4.228675365447998,1473.989990234375,2596.360107421875
2007-09-01,4.68641471862793,1526.75,2701.5
2007-10-01,5.800380706787109,1549.3800048828125,2859.1201171875
2007-11-01,5.564334392547607,1481.1400146484375,2660.9599609375
2007-12-01,6.048642158508301,1468.3599853515625,2652.280029296875
2008-01-01,4.133399963378906,1378.550048828125,2389.860107421875
2008-02-01,3.8176541328430176,1330.6300048828125,2271.47998046875
2008-03-01,4.381966590881348,1322.699951171875,2279.10009765625
2008-04-01,5.311798572540283,1385.5899658203125,2412.800048828125
2008-05-01,5.763737201690674,1400.3800048828125,2522.659912109375
2008-06-01,5.11300802230835,1280.0,2292.97998046875
2008-07-01,4.853753566741943,1267.3800048828125,2325.550048828125
2008-08-01,5.176827907562256,1282.8299560546875,2367.52001953125
2008-09-01,3.470762014389038,1166.3599853515625,2091.8798828125
2008-10-01,3.28540563583374,968.75,1720.949951171875
2008-11-01,2.8298041820526123,896.239990234375,1535.5699462890625
2008-12-01,2.6062774658203125,903.25,1577.030029296875
2009-01-01,2.7522425651550293,825.8800048828125,1476.4200439453125
2009-02-01,2.7272019386291504,735.0900268554688,1377.8399658203125
2009-03-01,3.209982395172119,797.8699951171875,1528.5899658203125
2009-04-01,3.8423893451690674,872.8099975585938,1717.300048828125
2009-05-01,4.147140979766846,919.1400146484376,1774.3299560546875
2009-06-01,4.349293231964111,919.3200073242188,1835.0400390625
2009-07-01,4.989336013793945,987.47998046875,1978.5
2009-08-01,5.136520385742188,1020.6199951171876,2009.06005859375
2009-09-01,5.659914016723633,1057.0799560546875,2122.419921875
2009-10-01,5.756102561950684,1036.18994140625,2045.1099853515625
2009-11-01,6.1045241355896,1095.6300048828125,2144.60009765625
2009-12-01,6.434925556182861,1115.0999755859375,2269.14990234375
2010-01-01,5.86481237411499,1073.8699951171875,2147.35009765625
2010-02-01,6.248349666595459,1104.489990234375,2238.260009765625
2010-03-01,7.176041126251221,1169.4300537109375,2397.9599609375
2010-04-01,7.972740650177002,1186.68994140625,2461.18994140625
2010-05-01,7.84417724609375,1089.4100341796875,2257.0400390625
2010-06-01,7.680809020996094,1030.7099609375,2109.239990234375
2010-07-01,7.855478763580322,1101.5999755859375,2254.699951171875
2010-08-01,7.4233856201171875,1049.3299560546875,2114.030029296875
2010-09-01,8.664690971374512,1141.199951171875,2368.6201171875
2010-10-01,9.190831184387209,1183.260009765625,2507.409912109375
2010-11-01,9.501388549804688,1180.550048828125,2498.22998046875
2010-12-01,9.84980583190918,1257.6400146484375,2652.8701171875
2011-01-01,10.361597061157228,1286.1199951171875,2700.080078125
2011-02-01,10.78574562072754,1327.219970703125,2782.27001953125
2011-03-01,10.64222526550293,1325.8299560546875,2781.070068359375
2011-04-01,10.691693305969238,1363.6099853515625,2873.5400390625
2011-05-01,10.621461868286133,1345.199951171875,2835.300048828125
2011-06-01,10.25013542175293,1320.6400146484375,2773.52001953125
2011-07-01,11.923834800720217,1292.280029296875,2756.3798828125
2011-08-01,11.75130844116211,1218.8900146484375,2579.4599609375
2011-09-01,11.644124984741213,1131.4200439453125,2415.39990234375
2011-10-01,12.360504150390623,1253.300048828125,2684.409912109375
2011-11-01,11.670994758605955,1246.9599609375,2620.340087890625
2011-12-01,12.367225646972656,1257.5999755859375,2605.14990234375
2012-01-01,13.939234733581545,1312.4100341796875,2813.840087890625
2012-02-01,16.564136505126953,1365.6800537109375,2966.889892578125
2012-03-01,18.308074951171875,1408.469970703125,3091.570068359375
2012-04-01,17.83262062072754,1397.9100341796875,3046.360107421875
2012-05-01,17.64176368713379,1310.3299560546875,2827.340087890625
2012-06-01,17.83323097229004,1362.1600341796875,2935.050048828125
2012-07-01,18.65038108825684,1379.3199462890625,2939.52001953125
2012-08-01,20.314008712768555,1406.5799560546875,3066.9599609375
2012-09-01,20.45826911926269,1440.6700439453125,3116.22998046875
2012-10-01,18.256948471069336,1412.1600341796875,2977.22998046875
2012-11-01,17.94904899597168,1416.1800537109375,3010.239990234375
2012-12-01,16.39484405517578,1426.18994140625,3019.510009765625
2013-01-01,14.03252124786377,1498.1099853515625,3142.1298828125
2013-02-01,13.598445892333984,1514.6800537109375,3160.18994140625
2013-03-01,13.716739654541016,1569.18994140625,3267.52001953125
2013-04-01,13.720457077026367,1597.5699462890625,3328.7900390625
2013-05-01,13.935823440551758,1630.739990234375,3455.909912109375
2013-06-01,12.368638038635254,1606.280029296875,3403.25
2013-07-01,14.115401268005373,1685.72998046875,3626.3701171875
2013-08-01,15.19745922088623,1632.969970703125,3589.8701171875
2013-09-01,14.96906566619873,1681.550048828125,3771.47998046875
2013-10-01,16.41180992126465,1756.5400390625,3919.7099609375
2013-11-01,17.45956802368164,1805.81005859375,4059.889892578125
2013-12-01,17.71782684326172,1848.3599853515625,4176.58984375
2014-01-01,15.80967903137207,1782.5899658203125,4103.8798828125
2014-02-01,16.61942481994629,1859.449951171875,4308.1201171875
2014-03-01,17.052499771118164,1872.3399658203125,4198.990234375
2014-04-01,18.747455596923828,1883.949951171875,4114.56005859375
2014-05-01,20.11072540283203,1923.5699462890625,4242.6201171875
2014-06-01,20.78246116638184,1960.22998046875,4408.18017578125
2014-07-01,21.37957000732422,1930.6700439453125,4369.77001953125
2014-08-01,22.922651290893555,2003.3699951171875,4580.27001953125
2014-09-01,22.643360137939453,1972.2900390625,4493.39013671875
2014-10-01,24.27278709411621,2018.050048828125,4630.740234375
2014-11-01,26.729284286499023,2067.56005859375,4791.6298828125
2014-12-01,24.91525077819824,2058.89990234375,4736.0498046875
2015-01-01,26.445661544799805,1994.989990234375,4635.240234375
2015-02-01,28.996322631835938,2104.5,4963.52978515625
2015-03-01,28.197509765625,2067.889892578125,4900.8798828125
2015-04-01,28.360668182373047,2085.510009765625,4941.419921875
2015-05-01,29.52319526672364,2107.389892578125,5070.02978515625
2015-06-01,28.54285049438477,2063.110107421875,4986.8701171875
2015-07-01,27.60302734375,2103.840087890625,5128.27978515625
2015-08-01,25.65966796875,1972.1800537109373,4776.509765625
2015-09-01,25.21347999572754,1920.030029296875,4620.16015625
2015-10-01,27.31651496887207,2079.360107421875,5053.75
2015-11-01,27.042200088500977,2080.409912109375,5108.669921875
2015-12-01,24.16438102722168,2043.93994140625,5007.41015625
2016-01-01,22.3461971282959,1940.239990234375,4613.9501953125
2016-02-01,22.196985244750977,1932.22998046875,4557.9501953125
2016-03-01,25.15644073486328,2059.739990234375,4869.85009765625
2016-04-01,21.636524200439453,2065.300048828125,4775.35986328125
2016-05-01,23.049110412597656,2096.949951171875,4948.0498046875
2016-06-01,22.20018196105957,2098.860107421875,4842.669921875
2016-07-01,24.19960021972656,2173.60009765625,5162.1298828125
2016-08-01,24.638490676879883,2170.949951171875,5213.22021484375
2016-09-01,26.39462852478028,2168.27001953125,5312.0
2016-10-01,26.509033203125,2126.14990234375,5189.14013671875
2016-11-01,25.803936004638672,2198.81005859375,5323.68017578125
2016-12-01,27.1801986694336,2238.830078125,5383.1201171875
2017-01-01,28.47795867919922,2278.8701171875,5614.7900390625
2017-02-01,32.148292541503906,2363.639892578125,5825.43994140625
2017-03-01,33.85976028442383,2362.719970703125,5911.740234375
2017-04-01,33.85739517211914,2384.199951171875,6047.60986328125
2017-05-01,36.00456237792969,2411.800048828125,6198.52001953125
2017-06-01,34.084716796875,2423.409912109375,6140.419921875
2017-07-01,35.19940948486328,2470.300048828125,6348.1201171875
2017-08-01,38.81330490112305,2471.64990234375,6428.66015625
2017-09-01,36.6182861328125,2519.360107421875,6495.9599609375
2017-10-01,40.163211822509766,2575.260009765625,6727.669921875
2017-11-01,40.83085632324219,2647.580078125,6873.97021484375
2017-12-01,40.3528938293457,2673.610107421875,6903.39013671875
2018-01-01,39.9236946105957,2823.81005859375,7411.47998046875
2018-02-01,42.47271347045898,2713.830078125,7273.009765625
2018-03-01,40.17026519775391,2640.8701171875,7063.4501953125
2018-04-01,39.5669174194336,2648.050048828125,7066.27001953125
2018-05-01,44.7408332824707,2705.27001953125,7442.1201171875
2018-06-01,44.4903450012207,2718.3701171875,7510.2998046875
2018-07-01,45.73533630371094,2816.2900390625,7671.7900390625
2018-08-01,54.709842681884766,2901.52001953125,8109.5400390625
2018-09-01,54.44586563110352,2913.97998046875,8046.35009765625
2018-10-01,52.78649139404297,2711.739990234375,7305.89990234375
2018-11-01,43.07142639160156,2760.169921875,7330.5400390625
2018-12-01,38.17780685424805,2506.85009765625,6635.27978515625
2019-01-01,40.28346252441406,2704.10009765625,7281.740234375
2019-02-01,41.90748596191406,2784.489990234375,7532.52978515625
2019-03-01,46.17075729370117,2834.39990234375,7729.31982421875
2019-04-01,48.77644348144531,2945.830078125,8095.39013671875
2019-05-01,42.55390930175781,2752.06005859375,7453.14990234375
2019-06-01,48.293270111083984,2941.760009765625,8006.240234375
2019-07-01,51.98261260986328,2980.3798828125,8175.419921875
2019-08-01,50.93339920043945,2926.4599609375,7962.8798828125
2019-09-01,54.85721969604492,2976.739990234375,7999.33984375
2019-10-01,60.92905426025391,3037.56005859375,8292.3603515625
2019-11-01,65.45783996582031,3140.97998046875,8665.4697265625
2019-12-01,72.13994598388672,3230.780029296875,8972.599609375
2020-01-01,76.03622436523438,3225.52001953125,9150.9404296875
2020-02-01,67.1553726196289,2954.219970703125,8567.3701171875
2020-03-01,62.61878204345703,2584.590087890625,7700.10009765625
2020-04-01,72.34808349609375,2912.429931640625,8889.5498046875
2020-05-01,78.29256439208984,3044.31005859375,9489.8701171875
2020-06-01,90.0749740600586,3100.2900390625,10058.76953125
2020-07-01,104.9491958618164,3271.1201171875,10745.26953125
2020-08-01,127.4481964111328,3500.31005859375,11775.4599609375
2020-09-01,114.5876235961914,3363.0,11167.509765625
2020-10-01,107.71099090576172,3269.9599609375,10911.58984375
2020-11-01,117.79344177246094,3621.6298828125,12198.740234375
2020-12-01,131.51597595214844,3756.070068359375,12888.2802734375
2021-01-01,130.7924346923828,3714.239990234375,13070.6904296875
2021-02-01,120.18710327148438,3811.14990234375,13192.349609375
2021-03-01,121.25013732910156,3972.889892578125,13246.8701171875
2021-04-01,130.49156188964844,4181.169921875,13962.6796875
2021-05-01,123.6920166015625,4204.10986328125,13748.740234375
2021-06-01,136.1819610595703,4297.5,14503.9501953125
2021-07-01,145.03138732910156,4395.259765625,14672.6796875
2021-08-01,150.96749877929688,4522.68017578125,15259.240234375
2021-09-01,140.906982421875,4307.5400390625,14448.580078125
2021-10-01,149.1721954345703,4605.3798828125,15498.3896484375
2021-11-01,164.60723876953125,4567.0,15537.6904296875
2021-12-01,177.08387756347656,4766.18017578125,15644.9697265625
2022-01-01,174.30149841308594,4515.5498046875,14239.8798828125
2022-02-01,164.66795349121094,4373.93994140625,13751.400390625
2022-03-01,174.3538360595703,4530.41015625,14220.51953125
2022-04-01,157.418701171875,4131.93017578125,12334.6396484375
2022-05-01,148.6216278076172,4132.14990234375,12081.3896484375
2022-06-01,137.44000244140625,3821.550048828125,11181.5400390625
